<?xml version="1.0" encoding="UTF-8"?>
<project-private xmlns="http://www.netbeans.org/ns/project-private/1">
    <editor-bookmarks xmlns="http://www.netbeans.org/ns/editor-bookmarks/2" lastBookmarkId="0"/>
    <open-files xmlns="http://www.netbeans.org/ns/projectui-open-files/2">
        <group>
            <file>file:/C:/Users/Lenovo/Downloads/new%20apna/SCDRMi/src/client/ClientRequest.java</file>
            <file>file:/C:/Users/Lenovo/Downloads/new%20apna/SCDRMi/src/rmi/server/database.java</file>
            <file>file:/C:/Users/Lenovo/Downloads/new%20apna/SCDRMi/src/rmi/server/RMI.java</file>
            <file>file:/C:/Users/Lenovo/Downloads/new%20apna/SCDRMi/src/rmi/server/cars.java</file>
            <file>file:/C:/Users/Lenovo/Downloads/new%20apna/SCDRMi/src/client/car.java</file>
            <file>file:/C:/Users/Lenovo/Downloads/new%20apna/SCDRMi/src/rmi/server/crud.java</file>
        </group>
    </open-files>
</project-private>
